{"cameraMode":{"drawMode":0,"name":"Shaded","section":"Shading Mode"},"sceneLighting":false,"audioPlay":false,"sceneViewState":{"m_AlwaysRefresh":false,"showFog":true,"showSkybox":false,"showFlares":true,"showImageEffects":true,"showParticleSystems":true,"showVisualEffectGraphs":true,"m_FxEnabled":true},"in2DMode":false,"pivot":{"x":6.745704650878906,"y":11.490432739257813,"z":17.315048217773439},"rotation":{"x":0.13810427486896516,"y":-0.09551529586315155,"z":0.013382332399487496,"w":0.9857116341590881},"size":1.43569016456604,"orthographic":false}