{"cameraMode":{"drawMode":0,"name":"Shaded","section":"Shading Mode"},"sceneLighting":false,"audioPlay":false,"sceneViewState":{"m_AlwaysRefresh":false,"showFog":true,"showSkybox":false,"showFlares":true,"showImageEffects":true,"showParticleSystems":true,"showVisualEffectGraphs":true,"m_FxEnabled":true},"in2DMode":false,"pivot":{"x":0.43084537982940676,"y":1.7966036796569825,"z":0.6248685121536255},"rotation":{"x":0.04239210486412048,"y":-0.4474036395549774,"z":0.021173400804400445,"w":0.8931472301483154},"size":1.1399723291397095,"orthographic":false}